-0.5020052308964822,-1.8758606033993395,-2.186595496692837,-2.745516916804551,-3.214101336259558
-0.5730890068933772,-1.847014176748481,-1.2136631948840024,-2.171465733986734,-3.097276319970376
-0.43548826269011487,-1.8187882581219523,-1.9103048691304723,-2.6870948360980735,-3.1594658490948824
-0.5649542266004011,-2.0468358442488723,-2.007300166981673,-2.617343691107094,-3.643635235059265
-0.6496076237781988,-2.1513431969651977,-2.000681660000697,-2.9440129700125417,-3.539917455701795
-0.6240327841889526,-1.9345041168895114,-1.5965171550171728,-2.305322755520228,-3.0048738407690774
-0.4918464572870126,-1.8179275287474619,-1.988268808876402,-2.407770442951056,-2.610287536906607
-0.4567887735509677,-1.6179859688782727,-1.0382303690506198,-1.700965791216278,-2.4278703517129565
-0.5832888522910172,-1.8316383856205323,-1.8993025122702434,-2.795225649484614,-3.9282859963609322
-0.46659163419186217,-1.7822294659218945,-1.948233383078679,-2.2660801477849177,-2.6185486748008904
-0.7217981331698092,-2.085846102904964,-1.6674683616535977,-2.5691825169624254,-3.8024139837536066
-0.49526685155156136,-1.9176191061121077,-1.7926581503575156,-2.5960918565840636,-2.985695686333406
-0.6171326869970724,-2.0215958027403484,-1.7152958909849034,-2.3861662288730936,-2.999471380496351
-0.47650355271647904,-1.920450457729594,-1.7450948486522124,-2.285101736948231,-2.9661897631776513
-0.5824330489472209,-1.7664203913052023,-2.187435392134473,-3.562534592299156,-4.349966908150113
-0.43596496433339704,-1.7231832673647955,-2.010185270546108,-2.7531611551427133,-3.457216847873517
-0.6945067521438733,-2.108912246248342,-1.8980695634577818,-2.4376812620818273,-2.658262162484073
-0.3796206193399406,-1.8554603226340172,-2.136579836795593,-2.7542973893528675,-3.4744261839316537
-0.5683757802009536,-1.77842867365267,-1.936430116363643,-2.540276294240683,-2.9602149850380215
-0.5832786511656178,-1.7770902061865792,-1.403317172933324,-2.3663591439385825,-3.06242470339024
-0.4209236262262037,-1.7182218155550188,-1.7383091997940106,-2.7775637441415046,-3.290380012063003
-0.5944277719566209,-1.8788072973975285,-1.880846264681589,-2.86471983557027,-3.7313434285164435
-0.5685992481168087,-1.9669433909013756,-1.6072951998590048,-2.3051390952613056,-2.9911936950690468
-0.559490884965252,-1.8409540210177475,-1.9066353023650464,-2.515584704996882,-2.7240743357832042
-0.32513052642501006,-1.442432051379436,-2.038243601388981,-2.813709271582868,-2.9945891623322147
-0.46168600753144307,-1.68943506628889,-2.1009925377157455,-2.62015320644309,-2.9680135798139577
-0.5737045636276327,-1.8912925070206987,-1.317614551309191,-2.11700685383334,-3.1952023013479867
-0.3832917626742014,-1.6939092843841066,-1.3245610954262936,-2.117863835133938,-3.126129479622705
-0.48427620242604297,-1.700171270242034,-1.1638371695351377,-2.2430925790794634,-3.343903248681464
-0.5110820479693807,-1.8830493708251996,-1.9008789034481475,-2.4495083143504512,-2.797300711129397
-0.611052782283631,-1.9447706028052663,-1.3242973570317012,-1.9807400541517453,-3.193261233644117
-0.7506456008922746,-2.1613633420205147,-1.332911116373871,-1.9280283587162417,-2.9160443124257744
-0.43229522380894336,-1.7895817523578952,-1.6718412315920552,-2.3504323229354567,-2.7326930366265785
-0.5986450627533844,-1.6362361530173795,-1.6848235135239715,-2.44778965404407,-2.731383346906176
-0.7690080258095116,-1.8709140106042441,-2.256075694009639,-2.9050879182577978,-3.245054422473686
-0.5476442098323073,-1.7930110457455566,-1.5777298313097137,-2.5089741022800633,-3.041797109942102
-0.5517297948689023,-1.7206933489915097,-1.6974306155336625,-2.321586715551435,-3.098528638689959
-0.5136072822812656,-1.6770540233878954,-1.5002181885550658,-2.1491671678945314,-3.526410391179489
-0.6488012417514482,-1.9417011298757225,-1.16940732327139,-2.0172422267433765,-1.877255250754321
-0.5641906947233124,-1.8610736410251818,-1.9352283606135838,-2.584808892339745,-2.8291980409559736
-0.7134297770763797,-2.1503688910561642,-1.8225225269535974,-2.5170646983996168,-2.918467665410018
-0.34824537294453095,-1.7770166454593468,-1.9944083170985252,-2.5900145838677915,-2.800941385547282
-0.6807929686510795,-1.7851566530575531,-1.6002978074576828,-2.2321600034825506,-2.697536340946991
-0.6694467975867168,-2.0006954278509155,-2.0115365871687954,-2.655121205043115,-3.2781032704953215
-0.5544169477723391,-2.093311199036944,-2.079515692687016,-2.85642588850812,-3.349684112074972
-0.4787330169621522,-1.8433243919866924,-2.2271494968312364,-2.912385433818576,-3.3088386997995523
-0.5963059445979348,-1.916854248474303,-1.9267331790370668,-2.680394258671482,-3.0438452034981633
-0.6150382588257581,-1.9141907613014635,-1.9306529294103456,-2.5952326075766066,-3.4459358258631885
-0.535586478339272,-1.7507149960387096,-1.8041338817460815,-2.3984286863019344,-2.8205448053986735
-0.48871710894737885,-1.8431305265500009,-1.440131895173999,-2.0197641249950435,-2.347953813439445
-0.8281238094397643,-0.226498123906429,-0.15724231363595886,0.35217481456683253,2.735495147266766
-0.9588307188693405,-0.32031722284897624,-0.5329155435158949,0.18888270528674145,2.428984684975708
-0.8985428080337291,-0.25352871442973257,-0.27274758143736194,0.32876901607154463,2.432903876800549
-0.846239468144,-0.21055253752311898,-0.11556956628450689,0.39966287072187096,2.6563427604659866
-0.8033763185630295,-0.3014092804235522,-0.21257021605085924,0.21657579019924628,2.4886228854962607
-0.8822802134625329,-0.46973824976557715,-0.4125030362797583,0.18721260027491143,2.520690938030112
-0.758234001687391,0.13233852824214976,0.06059852036052327,0.5683876456345618,2.6955437214941638
-0.6878978984641881,0.0336863596769047,0.03959745883285337,0.5451123810017726,2.7741990541818544
-0.8150676885441622,-0.1502447090685848,-0.15820966596541736,0.5169319176985636,2.735149533519396
-0.7619061765427515,-0.24719019117489233,-0.1148844713191698,0.42043750032532545,2.7992342916950124
-0.8981428978586132,-0.1874658109258408,-0.17881283885096028,0.407603498431907,2.580828188295378
-0.9406260322282001,-0.36585973610589506,-0.11562558427760117,0.29627794873122315,2.5331690627943915
-0.9385630047438207,-0.23295030188364188,-0.20608512514108573,0.345750673175649,2.592137127320965
-0.679249653214347,-0.45721994372090946,-0.2493630416871302,-0.2290057624915931,2.1050926611234617
-0.882806631047532,-0.3300675721903088,-0.26257703053738646,0.29249406931492294,2.6027067956871135
-0.8609930050345036,-0.11371719132093566,0.004614475097437842,0.46843375196785325,2.752645465585637
-1.411104634186741,-0.6831448962267833,-0.7446197797645853,-0.06385647233043135,1.8426150513722175
-0.891871053928173,-0.23429825470510823,-0.2069741553230816,0.42111296830151235,2.5928427787158403
-0.5990738981530114,-0.16152538295707142,-0.0816419801040944,0.45122842060047197,2.7486123203136805
-0.624438220500251,-0.12623996875224752,0.01808054443958651,0.5258391338800213,2.8049431041332196
-0.9494375385638919,-0.45821835576539377,-0.4072469613642513,0.10237255011962562,2.511521291598668
-0.9082256043762407,-0.19751754097206708,-0.3769476408526824,0.40052816740206665,2.524682846891956
-1.2095329103479746,-0.5476367101640314,-0.5525766834001116,0.0707759638400649,2.1485300687106004
-0.8425713498107709,-0.1948202053199334,-0.08930721442567882,0.4173944837252235,2.6784193618001777
-0.6726618940724822,0.012217915911098332,0.032357092826578726,0.57143685633047,2.9124660282722123
-0.9562489832772054,-0.36542665405296776,-0.3672698268137059,0.15891424837136137,2.5380262732405288
-0.8718036844990837,-0.3149734923161914,-0.23301820415497218,0.4746214406071205,2.731592119063175
-1.2836620643914225,-0.550825639549082,-0.6164747621883365,0.1625613732446547,2.701525842516396
-0.797190962382333,-0.3248938657675712,-0.18099868871622898,0.3479547549435401,2.5801585219477747
-0.8236970847308471,-0.2696649072933578,-0.2850919303724198,0.3700684998891523,2.6948744449034066
-0.8215942145661302,-0.2076085316421592,-0.16307407333353124,0.33430647651323897,2.621233642171272
-0.934957934660509,-0.44039878185279163,-0.3222011971346359,0.18430481946895683,2.4267079720767493
-0.8888109472240127,-0.08373279912359088,-0.267701617636423,0.3950860469049565,2.752113531372371
-0.7706306749641736,-0.37331762067570096,0.08836456880478227,0.5683779482235083,2.9222853064291168
-0.8969512069170569,-0.22441071677986735,-0.1481021470539527,0.4303633691916151,2.6388621893168698
-1.1789601083985535,-0.359126322569592,-0.1536890796634669,0.5726141509718605,2.4111425893019427
-0.6658502194214622,-0.11392615297702913,-0.024937614133861974,0.6251021538730396,2.8527424876297816
-0.40057188385283515,-0.03899441628043676,-0.13387165591926453,0.2782941942964612,2.432051401023794
-0.7557771112456186,0.01792695796015476,-0.11932269221410796,0.5368973832066882,2.776900460053415
-0.3708295492030782,-0.18912695386357914,-0.07337363389545315,0.4645253266500654,2.7480104130848244
-0.8048172881694412,-0.21043834858604005,-0.3085024241622166,0.2515429730315366,2.570098776797224
-0.8335797786487104,-0.009260211809312136,0.02248300880880222,0.6122496028312351,2.8507300814292176
-1.1330347694664689,-0.33457357109246977,-0.30107863497396026,0.14304464383948678,2.4923548908030897
-0.8527852615108008,-0.26667659152450696,-0.009117772673918334,0.2939403858491809,2.6215292117732654
-0.820364539284332,-0.16352144073486685,-0.1264208980148376,0.29910801317159535,2.8077795877525125
-1.0187404804626543,-0.2195741395860382,-0.28870133134012577,0.32471003598661374,2.650006160143598
-0.779950379845139,-0.272671537586786,-0.2074981408180031,0.343784656347585,2.6117206663840404
-0.7712351960781371,-0.32300002924146354,0.09354423403275391,0.5050538745730617,2.681919483775562
-0.4983437543069935,-0.3853053301236453,-0.29684769538316513,0.44615231605453776,2.5596953936408555
-0.7903791335046622,-0.07517378489294901,-0.0793342628188034,0.6421718169024091,2.825982388442979
2.2508638666900316,2.123080384145317,1.9933206611996293,2.1724758804302304,2.6708568686793477
2.2906335820587627,2.4034339823878303,2.617136998450189,3.195573682929016,3.8489495910808733
2.1996138717814424,2.6805880753681803,2.7098530011207664,2.3738409545116097,2.931628959833738
2.180829043850343,1.7584134847609088,1.8894504614109549,2.100071233690241,2.4523045918740807
2.181969442204825,2.6799096620025766,2.6311471574163288,3.3708961050427253,3.3646593602323116
2.3167185094599096,2.1157890118512688,2.333177735065652,1.9606343338871566,2.922822753195333
2.2472806709974256,2.315395478988938,2.2679547856749958,2.487147437859548,3.030565958272355
2.048880229685469,2.35048762048351,2.7201045977757308,2.2722545346041283,3.0011874764784485
2.1652468414486816,2.1673118953549793,2.5586650589447015,2.3574796570004772,3.641751040286462
2.0993697151762047,2.7098582598768353,3.5231850701925875,2.9447620841780173,3.0366904809205995
2.0437016780120536,2.515142232029833,2.166567025740204,2.2303908471618574,2.8404544655914132
2.0277209397044182,2.3247015853887523,2.6675690287802576,2.9995808986615695,3.455799678991815
1.8330773020717772,2.358817080821229,2.9629228637054723,2.885686302970386,3.516613061639587
2.1978860366581183,2.634399509983858,2.7045076145836164,2.532922442149449,3.384884578313741
2.0306475062290974,2.654491398499036,3.1405506506227643,3.1550905766092137,3.626056520454027
2.1097530259411936,2.620129670547532,2.7399028995983294,2.339514251449397,2.8953623908003863
2.3581490542532855,2.7889593775830885,3.174048499790638,3.2662631967382314,4.3281619746209135
1.955788753134705,1.8474133580280165,2.0072238861174774,2.2873209501523544,3.208038536563748
2.1930216981726027,2.397980307869494,2.685778598322292,2.720181056855829,3.8362615612185187
1.9551493959357267,2.3731085502828337,2.164354603826302,1.643584986702528,2.172962047192028
2.1765640166064424,2.1250338410705942,2.7180935281865946,2.750319951764254,3.0618010564737754
2.0519159398140023,2.5708949181997065,3.0288616402239965,3.421474346963956,3.9193135884518213
2.0311869750948164,2.59161892692771,3.1790010964675037,3.131337580373306,3.914904564805057
2.0484078663011545,2.581236233327442,3.260829155444138,2.98303727421314,3.8734281029082225
2.100853301091231,2.400139849379125,2.903743092396956,2.9680927045697634,3.6609931892741656
2.0589684553991363,2.88952707525363,3.3626353695943223,3.074264346555562,3.5219260202325846
2.041952053795733,2.366954825546045,2.874476284744183,2.458642323703226,3.0916916874578666
1.9926757072546029,2.6559778383966215,3.1756165791098763,3.224187587154204,4.165021815026002
2.0790267854518043,2.5748673837009126,2.8860023637767935,3.156148871339599,4.160706331257787
2.1363455140433745,2.3443884303993787,2.59958541627221,2.7800781918082738,3.587095931847494
2.2500636935229417,2.9262780933263945,3.594333309264461,3.577185495988495,4.407160684768266
1.8811192037045166,2.4708569586091977,2.7659644435434565,2.9028046370461795,2.9046430596857533
2.056901288281253,2.454120902821167,2.7023282229724432,2.2859752918870027,2.577709438393855
2.2247511296385873,2.1082383001642357,2.515118246757295,2.809478384766189,3.246619246133548
2.085385923126157,2.4517954326737375,3.0744116638018593,2.9559938234046195,3.308933062372938
2.1569922396175274,2.3875996096718533,3.001012160930984,2.888249155472306,3.368706821728007
2.55147428293982,3.2051755505143165,3.7499879496501576,3.731349960977376,4.32689593905736
2.0153047702007116,2.653830039717681,3.0895287137158878,3.233114074451188,3.8457914322490567
2.2207355660638286,2.3514222435479684,2.9457851035099876,3.1597196200234934,4.351856678646323
2.27309294916614,2.577194431014331,3.127539754710612,3.730872314666019,4.8153701329388054
2.054235778757586,1.9415423021647167,2.123887317911171,2.31592547879384,2.9687049338860376
1.7822927915403401,2.5980101757610803,3.1936981841335794,3.188922030347246,3.6976536117232457
1.917191323320838,2.295673792630824,2.785665468563808,2.5944142263711676,2.7677584572217153
2.0557150969737323,2.5565958404685203,3.1186557664322176,3.1143226698606368,3.576816167022378
2.0460355700141677,2.7402886237692767,2.7400500822747684,2.687160990360352,3.3994460263261526
2.110062144085303,2.4743801844610647,3.148503702134641,2.7904718939019846,3.0304649760148097
1.7856873356129892,2.544697050328809,3.0735933072999977,3.1022133029739942,3.8036440989488947
2.014612217885707,2.604821042486492,3.3777447324801004,3.3111441831622725,3.9893684800208797
2.094830177851737,2.118335480005033,2.852758802754126,3.3929136089128997,4.523794433589998
2.223120876625924,1.7204236073991352,1.7547385202990227,2.0054140347117406,2.8503730219811128
-0.027384669021964125,2.0577642188069163,2.2459433284098167,2.1896082708858353,1.6920231141197624
0.4002534805760345,1.208608674482616,1.685825491418177,0.6473839999813988,-0.42603453145306935
0.3063821632025492,1.4952247740014817,2.161154064322699,1.6823816308729833,1.1943679515649606
0.06522707893335278,1.6826175380659028,1.904559997687206,1.740240646968993,1.2820238004522662
-0.06890454391653056,1.7539715607778479,1.805827970309743,2.267777780413118,1.694168421063873
0.5999001626153542,1.6520058948718495,2.9342100379565177,1.2955250468315058,1.0012458777038389
0.5047359806086131,1.6598796052203002,2.0721207145933707,1.6080575542834739,0.8316000239014913
0.29491264372145287,1.7687071071673612,2.6825715300120705,0.9436057478892887,0.2457035240118186
0.22120520490066153,1.8065791881399509,2.339284603832104,2.3465160358452,1.3572048921355209
0.22647447675736065,1.7317296615138216,2.184679824384775,2.2479983617797776,1.4062264082344396
0.3283156196668054,1.7516630861201492,2.1527575097457294,1.8077683944876994,1.4270210498303146
0.2173862552802357,1.6667644242365067,1.8132108310206574,1.6390728351070554,0.8916639865186057
0.14742296527930973,1.6009631886991855,2.117202740467608,1.7008432499055681,1.5762065842162076
0.18005107797160524,1.8747081373747383,1.8737643324239026,2.078639184186166,1.3770643370223765
0.6308085388234064,1.8783331135312324,2.9416073416909647,0.9083536292035803,0.5493888054160347
0.21387048793682095,1.5828222695467467,2.072924772711268,1.6644802276348487,0.9548276715338784
0.29401591438845776,1.7206331127610985,2.317261523051342,1.9267471745607772,1.1640420449436477
0.27247691101238536,1.7562122877894726,2.277995230879212,1.972533634005382,0.8433938195939266
0.139469758039106,1.7320877942180983,2.078023695857893,2.0688660718162915,1.7666252406919307
0.05172464303925972,1.6046420580171283,1.6891674060369046,1.933871095272299,1.4353768044827855
0.0088334692344334,1.8904111626540743,2.047335462448496,2.3886468680720747,1.8857671011709354
0.35028393470370944,1.797479157905273,2.179283729041982,1.657021600620653,1.2808689343381336
0.1831396071695327,1.6877106471421852,2.3957314583289113,1.6985388566476987,1.0857039533265274
0.029937333989898396,1.604933247667239,1.7553870322380294,1.6454124929880303,1.3547692139165017
0.09083862801282272,1.9003891056254358,2.1309977535911333,1.9513660219440787,1.4178405269389185
0.2592827774528129,1.7076609441290596,2.229958300186075,1.6034158127201321,1.4031734069728021
0.028504975968499657,1.5841218952038232,1.7658015846117299,2.0169065174829717,1.6217930339990205
0.11703723789719245,1.9150977874041226,2.2917860985506433,2.289046887078885,1.6632770824601257
0.3794718088910996,1.8920449460755877,2.3170485122570983,2.010849746635325,1.6353408883627114
0.39930264059102916,1.6960214049660747,2.2509734834106414,1.2240843965237624,0.4467150247961067
0.23498385070925254,1.7630919666896516,1.9861805146936193,2.004119472785729,1.617452633781701
0.37509902839737885,1.9223792452215742,2.3674429474484784,1.4095571273735497,0.6394395437168254
0.6685057581297504,1.9381078658673416,2.5535126616223174,0.9331379478654223,0.6433617153495761
0.21138508367114664,1.7341802699449493,2.60086025832018,2.1241031718904675,1.4660222394229123
0.25868346724619035,1.708265021284662,1.9410915907731867,1.7094001087566761,1.1709301931613525
0.2067544092569205,1.8132539233808282,1.947066065642218,1.7985460225318053,1.3247303612691501
0.3196144915748078,2.0596594496143004,2.3577902075005017,2.300923003781837,1.7485864617021574
0.25476451909980413,1.8247945834772927,2.0912923284160194,1.6547331724021224,1.4564292617587846
0.08877496894255688,1.759257713620244,2.1067087818447727,2.2240881577557925,1.801675660794821
0.007981710719898949,1.1528926692656984,1.5194151905676656,0.22096427687417375,-0.47910098394392087
0.21712047818480681,1.7828590225319392,2.2407167236063295,1.9609301082378159,0.9236630113324054
0.14308920969542543,1.719157081587794,1.9478390853924124,1.568711174560735,1.1687766114142435
0.5730842654963872,1.7465502704114826,2.7422331043524464,1.4568568110831306,0.7540455182611598
0.12155838420626805,1.7010703430064875,2.399758770147207,1.6897915364121794,1.1827620735948605
0.18770577665204913,1.6641502609582148,1.93830188461058,1.7346819142630563,1.1948775057951557
0.030665054532217906,1.708189351120652,2.0400855525543173,1.7531704073725087,1.4240258271688233
0.33772294437083006,1.7499051392190526,2.3797387291821748,1.5504174590346576,1.4031097593826078
0.3102363711535673,1.6375710598830047,1.924276289234585,1.697054497164114,0.45398073865219557
0.23714265465743878,1.6325085928525205,1.6289917158899074,1.6512447723609345,1.1732993821715727
0.5190075859826211,1.8844361645469372,2.177079307557973,1.0885079901530068,0.7354788112030195
-0.17692223100255822,-1.0735376571558133,-1.427340481128427,-1.9237692643170523,0.22603444454376787
-0.08104512977325584,-1.1601494610247542,-0.9673034044647435,-1.701841115893603,0.5383382505072659
-0.12332435449767754,-1.3151502583078205,-0.8837480501871651,-1.5301305075452432,0.7713483452863874
-0.04302956434658878,-0.7093749914689262,-0.6149509854760455,-1.505980000933501,1.1789407317611322
-0.24697653203951053,-1.6312635951763472,-1.1822865396352458,-1.713137681163277,0.40926220768425847
0.05668060249367046,-1.0115779202406776,-0.8885503671155279,-1.4438365319418542,0.9703740589318379
-0.1861482906075509,-1.5298507528036485,-1.228068655788826,-1.7378226254728446,0.25745154126688274
-0.08821848139812993,-1.473965033508842,-1.1178093162752627,-1.6400659207977373,0.4351074497019696
-0.06735612269126112,-0.9369498852711353,-1.215510790584538,-2.056802923106442,0.45332755214740805
0.05628294096960529,-0.9940864421163693,-0.6358905243695716,-1.2582951857851215,0.9289767467147974
0.5012908045904345,-0.19652385622259194,-0.19327586749727388,-1.2129835903900545,1.4810972461664775
-0.16498614961200342,-1.3249598090887906,-0.9322233403275519,-1.4404669242246178,0.5005549513990357
-0.09707763998062247,-1.04489817023094,-1.0942584338476884,-2.030546666733792,0.7133782528621101
-0.0713107937581274,-1.0899432287136317,-0.7296089814583018,-1.2777495247662005,0.8451666365621002
0.0187307450458572,-1.0963386166239257,-0.7459408117578572,-1.3310990638403875,0.8995258269023578
0.3947759997345017,-0.6578728616713765,-0.4197182864056941,-1.0097663043105751,1.3838727365100199
-0.06534661026090727,-1.1975293490494154,-1.0864618169454543,-1.7585006823538372,0.45678035528300687
0.18433590416613133,-0.8252639973289958,-0.6822130469349829,-1.3016832237438551,0.6915505828486498
-0.030197325700779494,-1.054757566375043,-0.8220970532248932,-1.432812113462132,0.8367798662235947
0.14135225609353197,-0.8367493207907963,-0.5282232530021611,-1.0617615381056695,1.0033969012955866
0.0891394898750828,-0.47604657048233556,-0.42522555597802003,-1.1857190023821682,0.7022789486235878
-0.037647957984282776,-0.8120687547727048,-0.8365110268025471,-1.6048589656170316,1.4404938916347658
0.33351974362739845,-0.19394004582917956,-0.0877285300484596,-0.670270697864602,1.3009841509158293
0.07135402221129,-0.9952709880123038,-0.6533323152907409,-1.5320799882031968,1.0766743692843748
0.10098991363830012,-0.9234095674763021,-0.859458326952282,-1.6088156018918711,1.2655728014904268
-0.11949442135591615,-1.334019081518001,-0.9170514529014685,-1.586237269400484,0.615770048898869
-0.049474882664682696,-1.2373201644168945,-0.8995608213617006,-1.4376826821807165,0.7934887043961827
0.15695505991478664,-1.0293139268810214,-0.5477867129113747,-1.2175583179317608,0.8778234010380574
0.03460520080618035,-0.9501317682510735,-1.1028036067228144,-1.9486597206281835,0.33715416181502533
0.21708197907650817,-0.7617834535958266,-0.5838330132280731,-1.3320380114651011,1.2612091233126317
-0.10456484739304561,-1.1013487580572368,-1.0905748065147627,-1.8832814594012128,0.5067042286902796
0.19695047028823542,-0.7131563797124303,-0.7975906505035251,-1.6686458175461707,0.26735713517448256
-0.0336024261721799,-1.3576952913469458,-0.773315580897326,-1.3718920356416278,0.7006535953823964
-0.04468554899662225,-0.8138040078843822,-0.828976859733328,-1.8570514704430048,0.7114352938871089
-0.16996823603005717,-0.7355912335407508,-0.46965391329409933,-1.014689852617809,0.9235305856168983
-0.09091154934292978,-0.7680469383324771,-0.8428845270146019,-1.4845868215265763,1.0958221092345288
-0.044016859664610886,-1.073971686656074,-0.8562409193900413,-1.4845222770947912,0.704505344803242
-0.28171077513092735,-1.0044368591338566,-1.26971782466455,-2.019210041756873,0.5251576978776544
0.07130127939360908,-0.6680136234997608,-0.5162454845661258,-1.3092221868557532,1.6118899180659756
0.09791223707084737,-0.9193019205587907,-0.7509259691745863,-1.4278191320003306,0.777641002021121
0.047392987548439125,-0.9367670140578777,-0.6555094970916038,-1.2405233744648356,1.0320336096602034
0.1639143772314311,-0.7673777106704222,-0.9874039456053848,-1.733509038931588,0.3781966523077438
0.028074591077134392,-1.0660718542765704,-0.5563663476799461,-1.187182604173574,0.8477763841171505
0.011941948534267555,-0.9504759194594582,-0.5658892633986347,-1.407326109201862,0.893365824373901
-0.04627404348586961,-0.9725949319811575,-0.7853034631368372,-1.6609057133090956,0.6448612443642596
0.34395413051159496,-0.33546584233587495,-0.3412170762124944,-1.3141615674397447,1.5787434624846124
-0.18779888289529478,-1.1963649568915047,-1.2273462817082215,-2.1274533654985284,0.973503157088959
-0.1268120630215268,-1.3961172552881576,-0.9280816434310701,-1.5062810946672582,0.6107160050778249
0.11806434054660442,-0.7644002082974767,-0.9111040201754145,-1.5203452551954233,0.9895832392209805
0.3749812793360179,-0.4685231220675816,-0.4561549242955141,-1.5510404552616865,0.5542043046830611
-0.8143938823840484,-0.6340219205442419,0.7829889060967421,0.4583783492841125,1.1366494167542476
-0.8994979886509779,-0.4787837325124228,0.9386281446251498,0.5577079259432496,1.454263104629577
-0.942902393973104,-0.8157236009832977,0.6245485311213737,0.346622007042337,1.133136977097671
-0.9599673262225532,-0.7785987494363505,0.6749877555347693,0.36284756440217525,1.2033798800181592
-0.9848763991023506,-0.7994652430249807,0.643120939852645,0.7490105559360376,1.1060006874234036
-0.9307868261727278,-0.407438260277321,0.8124562982242026,0.6178818149272293,1.4244965795033047
-0.8897181270941956,-0.8185773773322054,0.714684610129067,0.17737978637239626,1.1007953761753693
-1.0492202484436068,-0.7063060236719916,0.6761196928854426,0.7589851566363225,1.718423823905364
-0.8892523142644945,-0.6890937338309955,0.7986958858839938,0.5245228551495277,1.0480818778443697
-0.982830584449943,-1.0257283102490096,0.5653385097341403,0.3442317357267546,0.6605422974017592
-0.9372861751156117,-0.7648535292689439,0.667530859955913,0.10734771837548285,0.9064280992219543
-0.9005814307540364,-0.29006982214486754,1.2335356486884774,0.9752464663357209,1.9143364047005256
-1.0310769025934245,-0.7387800974801159,0.6452461835358919,0.3339662483078787,1.130145237682708
-0.7754729766474537,-0.6480017084235934,0.9479203143299237,0.3880578173190316,1.334083767601266
-0.8738758967422426,-0.5082359091839861,0.3135656412310625,0.07489779255710716,1.0874563394693075
-0.9515129421987458,-0.40226866293568747,0.9995255225685038,0.7617573964977263,1.4256784102920825
-1.0399176761525282,-0.7932838071994913,0.6411131660074967,0.43517835561688645,1.268622212188973
-1.2448928489869697,-1.2486352281196904,0.2702336401491763,0.39659350298684104,0.6673768850114594
-1.1479180144904564,-0.814215126193555,0.6925406861537219,0.4830713224465196,0.9529114513958209
-0.9216046637653793,-0.7253179985822166,0.6844352896666529,0.6088754785297552,1.3993778176561058
-1.499361860717881,-1.4106270494953046,0.058984222839860045,0.049506928549077234,0.5015053600912056
-0.9581038354620793,-0.7104960899230955,0.8128173761840638,0.3554657094012166,1.0073732839792966
-0.937238694192378,-0.850904170540747,0.5824800796930281,0.16733736325599108,1.0439050915475303
-1.0038021685981828,-0.7926920600987669,0.5933625423359125,0.24907930493402086,1.0694479821620415
-0.9634973157750205,-0.7611872564549933,0.6896518451500491,0.2208233988531586,1.134699479336886
-0.8495781672292564,-0.6958574211472032,0.7009673083953655,0.43941114693590955,1.3664814305094575
-0.9854264756146879,-0.6375566164195984,0.6659707862936493,0.4316101984622257,1.2639438464890673
-0.7789152769835277,-0.5035134153920402,0.8826758407505557,0.5738364387277306,1.3140719375016359
-0.81994049551135,-0.28510539183386807,1.1797690366381204,0.7850408577638881,1.7029955735996962
-0.8763456490921862,-0.7626767635432168,0.8500189079425755,0.6612570504117175,0.9671010281166119
-0.8915863081413076,-0.5646272819357281,0.8375383466732195,0.3768586597098613,1.2690019899878402
-0.9476143586145473,-0.7468171415894806,0.6581566912234001,0.15095472920610814,0.9979104291596216
-0.8786963609613674,-0.1886058223570215,1.0786197509244932,0.8057877824843998,1.727223134552113
-0.9120787670261093,-0.6886181317675127,0.6745041933258835,0.25182303299160047,1.0373209303746314
-0.9858335312506391,-0.886372804396112,0.6627023498046186,0.4545332005080752,0.9809619240652098
-0.7677543577283001,-0.3832277291310351,1.1245851098872897,0.8778605789852395,1.6316429127386274
-0.8420341686226083,-0.6034558872500877,0.8855689882957913,0.9012666837105767,1.598724681871808
-1.0505225266990588,-0.6356733084691402,0.657605743502163,0.45078574423986995,1.2205410910124148
-0.9521541455668403,-0.51357608085779,0.7395384182871705,0.42134861740921037,1.6449607444459435
-0.8080903818717659,-0.49131277343967483,0.855885866072264,0.4685882478622031,1.5443698881416128
-0.9142851235534555,-0.4957909009418763,0.8752437981846077,0.5396489173758513,1.3017657556880367
-0.9603716748932659,-0.6361557446028302,0.8254744038023171,0.6976959142205137,1.3608567819109991
-1.0194478745465154,-0.3654281376263835,0.992320408159603,0.6338808507855549,1.6946749661403944
-0.9353788573517992,-0.6507604169613341,0.889541196289765,0.5992412840326071,1.264349223768163
-0.8536655141875333,-0.9530252114498206,0.6693230266376655,0.2988977742507066,1.1109587105993308
-1.3286558428388457,-0.02848282061309826,0.9158718447971941,0.7260808640720935,2.3203036310974836
-0.9075464365029882,-0.552710050077327,0.9218579919438313,0.5019135076343867,1.1811428689427765
-0.960254392222402,-0.5004798978395144,0.6955343454116747,0.5458007965263345,1.4706226251423382
-0.9371274101141704,-0.6388139096975547,0.7273207195720244,0.3587382929992734,1.3866613706058784
-0.7355734919888092,-0.4828755217561195,0.9167113399389376,0.6721695263312198,1.2865048346342385
-0.9124795114601043,-0.3627296502629114,-0.22867426067371954,-0.09135928844630126,0.3886205535992058
-0.7636099070909153,-0.5319198594978156,-0.3607695891191611,-0.030012505959163827,-0.048206836537117104
-0.6603145231503312,-0.7650836903204079,-0.5286126181369133,-0.21926133533316539,-0.37496887753508296
-0.6667735382604569,-0.7422890396194626,-0.24798229733002147,-0.10625096179004045,-0.18897938137379494
-1.0200169827996564,-0.7241904531621819,-0.33144432303249594,-0.2708183601434575,-0.4719516053594537
-0.5889074017071719,-0.5182932810506836,-0.2927183758493693,-0.3215047562437089,-0.33612927790676916
-0.6117827792245849,-0.8978890072694053,-0.5176065652471457,-0.30716014714004125,-0.49847619259492615
-0.84621677800035,-0.7498293761728441,-0.324842801575014,-0.2955521158722376,-0.06362300831664824
-0.6265368315143035,-0.6953271167011008,-0.3799284086942163,-0.14133295004559987,-0.24802025457965637
-0.6941080342741275,-0.31574421924586593,0.18016477721914836,0.5045335586718784,0.4054697977474945
-0.5031213083738615,-0.7164950112269306,-0.4038898775368989,-0.2879984786359533,-0.26905425419810386
-0.7247068247218642,-0.7362319235403167,-0.4601799071261441,-0.28467079923160676,-0.23046677621462774
-0.5788831471449933,-0.4740396797914298,-0.2729783488015721,-0.07474118461505311,-0.01207588823037184
-0.48751557156462055,-0.7560988169530342,-0.5368190242200782,-0.24456611764911296,-0.4804201533846765
-0.984170711536946,-0.19475286889668553,0.2557859516191543,0.022430876331728467,0.5862415374736742
-0.7251789563407102,-0.6283357840213087,-0.4553915680164664,-0.44560002613242966,-0.4110652144563042
-0.6373288779330141,-0.6061926846854228,-0.4641907263823145,-0.14538774517105163,-0.19770967956362945
-0.8547540558609918,-0.9660352348240038,-0.7316048753347839,-0.41553259134494736,-0.5915672453031598
-0.5213134416247226,-0.8289737060135491,-0.5452622695522772,-0.24531370046566314,-0.4957227338853345
-0.7313968278396888,-0.4763789190838542,-0.32389175065663045,-0.14682289888038047,-0.2612911137167305
-0.516634946667127,-0.4078847544353288,-0.283415383534958,-0.18390304391101053,-0.06765996576101796
-0.6504703951195165,-0.8257822634880101,-0.46919244887498635,-0.30329426840842877,-0.32003290239175985
-0.641352507744797,-0.6716737647059903,-0.38116132096318445,-0.0438009189692857,-0.17415031490400618
-0.5296133372153298,-0.9606387420975713,-0.6078047091828225,-0.20077450586153334,-0.2619522940137051
-0.6919901116061211,-0.15755582925154177,0.20222660015267335,0.15843638234221102,0.19525467706763666
-0.569412287432016,-0.3305240755860406,-0.012331104302204077,0.2793734166277191,0.2612331296732908
-0.6742167321851132,-0.6438884985768081,-0.3441318798092976,-0.24342238647604672,-0.30088933456658
-0.8016177279181498,-1.1843485594208742,-0.8782389239526855,-0.5753439861103801,-0.7459173228073384
-0.7967334450560015,-0.39082551553599254,-0.09687133969264461,0.29708666186851274,0.15248651147942693
-0.6487923216425141,-0.8232691483270479,-0.46577075133817736,-0.18480415123490312,-0.28214228096025296
-0.5990498158100812,-0.6656730349959123,-0.4972753724845644,-0.11908575718647635,-0.19285693718593647
-0.7599758338674499,-0.31004961851014257,0.24816703876006885,0.5749569578638491,0.42109600686502324
-0.6683323710311788,-0.9555490665335467,-0.7285651788930306,-0.6374506912559543,-0.6451763805295491
-0.3318592373100502,0.36459607679596107,0.6816113502855785,1.0908843084552533,1.1564774514613925
-0.6143321135763684,-0.6016887968893596,-0.3282241922212215,0.032422702812249404,0.1072414287497099
-0.3459614154109991,-0.7698416619900016,-0.3797976872298985,0.09788854532027358,0.12094595947175324
-0.6401756850511744,-0.6611662013401145,-0.4676789833971009,-0.48095953853578977,-0.5066871636683357
-0.7411841819777241,-0.5916074769612281,-0.3024025884446912,0.005877600724455229,-0.0992755986758474
-0.8590704174168691,-0.3196124652259493,-0.11879318144399864,0.21299973253755988,0.07947633788351971
-0.6363456966982536,-0.6986268006367853,-0.45192092768584746,-0.36206589803010814,-0.3142391851260756
-0.6862966057537943,-0.6806231838726777,-0.42025499743196904,-0.07221271962160303,-0.15404057516157843
-0.7041746860835929,-0.4063554555767668,-0.07395072848023942,0.21130950637293894,0.20668718470177616
-0.6353344291900851,-0.5756702438482786,-0.2133243653115735,0.07306364575229296,0.21222968356894695
-0.8217197129068179,-0.5650454725804064,-0.5188306371267701,-0.2636190837476853,-0.2746467095421802
-1.2795207636026893,-0.9335321153198337,-0.3688373671047067,-0.6449195018871983,0.18214833621385296
-0.6530993542601964,-0.44749543615648957,-0.2467290036746279,-0.18028687149201983,-0.0297759339241338
-0.7123669565547505,-0.9134294135364956,-0.5804859685953185,-0.3429878160516277,-0.42761554496977444
-0.8882280978664655,-0.5460422132401664,-0.23416136754190653,-0.21584820725641374,-0.06501051962940485
-0.6971295549554484,-0.25418947550134896,-0.26640391079483083,-0.5792193162113379,-0.0004733512394419215
-0.6831998884035837,-0.7372303177287218,-0.35448417505847174,-0.17055921826716303,-0.19447778020081496
1.669216670997164,2.3808591125528706,2.132566727503645,2.386666569589217,3.97280330477436
1.5113703149486235,1.5830520481340282,1.0514223701146252,0.3536322717651487,2.243057500771638
1.7659962595377166,1.7122300252822784,1.4714454746552348,0.8325467009189728,2.927827379385661
1.5253918047011226,1.7559899350207413,1.2224439577416528,0.6609376292506378,2.488390327988116
1.4988957378727343,1.6004211367585996,1.0566206410454306,0.03096183745864267,1.820529904030589
1.112754034934349,0.7391357722327785,0.22312634709927792,-1.373970715006983,0.7774728086427449
1.6973321125290222,1.9440141869001681,1.8585233911966423,1.4633377766813267,3.1664489827401257
1.5092944706392715,1.8908134463773096,1.8695444656806852,1.0757050252569915,2.612148455115748
1.4832333211613928,1.6696931509422073,1.2573655851462093,0.5876262981138171,2.290978829134145
1.3210933836820635,1.4041546847600328,1.0382656617682373,0.03562263996854953,1.9252576766298237
1.5145693367070594,1.5913370299554583,1.3417130326021254,1.0612630026456675,2.678062971179409
1.7264935187769888,1.8975662003219214,1.5949850134352184,1.309677941504416,3.126903495632215
1.608389425174508,1.7566417315607932,1.500599275482308,1.040245592450214,2.9716240702166896
1.7458723223661912,1.8838145745571826,1.6519790482402696,1.0757281885199919,2.6738452256091207
1.5175682247925597,1.7979779777142513,1.3525788202907674,0.5410385652703544,2.335139782645564
1.6948490818713986,2.501796545644722,2.794992153375341,3.438634887049621,5.367949410475695
1.7245010239709966,2.37999900427854,2.4962132677844204,2.7518633592248065,4.097348813007316
1.5462178193985852,1.8103356288302102,1.188481941353362,0.6930166771748316,2.438668027478328
1.6450089965240822,2.040802283080502,1.0286800526311781,0.2610612043825383,2.0392952697108844
1.5145117238222054,1.4571111223541133,1.0994348327891443,0.48874093580573197,2.2380196160128856
1.729991511040212,1.5662779125723318,1.3155983923842167,0.859333424138244,2.7739381594408927
1.5136259562591385,1.6183046224034225,1.7323168405420282,1.2186473350559492,3.132030228065484
1.614873521280165,2.3117442628757203,1.7690700534998656,1.4330031282637834,2.974152054954798
1.7896342603450313,2.447973511457116,2.2915395602816107,2.144342697078599,4.616532858860792
1.4941792642059635,1.6081970988789804,1.013972451924692,0.7334491752198615,2.169680429374136
1.7814469830053028,2.5489936795383668,2.8318057566373374,3.1780205257557728,4.091491608351934
1.5024434828923154,1.8538920925090165,1.468183297015298,1.1275739620765322,3.312526765573889
1.561101873151771,1.6519241691157893,1.7816697285842904,1.9682235765645866,3.7320745511381155
1.63193331259982,1.9326286205504368,0.9250545183353545,0.2882812733827661,2.0685834232107645
1.6507130296756005,1.6423954399635894,1.0511236195973046,0.49489230894869973,2.3118285083551884
1.5624935255079626,1.8342992013001311,1.1901683141893944,0.968269143962107,2.678811336595797
1.82512446437913,2.7830530934297877,2.8595184872196966,3.328591353867727,4.239993209303529
1.824797283863268,2.119742461931045,1.813015377295806,1.7352444594008427,3.737783455194906
1.4708045147443733,1.8967957319096844,1.45329163761189,0.6684910244903577,2.530552121234223
1.6046518191641987,1.6165618357172136,1.3008522367348978,0.4996048688648933,2.2992406736685287
1.3317406903982891,1.261189237605807,0.8454331253669503,-0.3814145697784035,1.327030583200156
1.5128962695780326,1.7181705595652146,1.8540931827385676,1.2286917368251569,2.7667558421589797
1.6542872093089358,2.22878402226765,2.5385919646410917,2.637117044473949,4.009490978096196
1.821216285406841,2.1116407193491558,1.8177049457493526,1.4482165173825812,2.911628231289745
1.7782888772578058,1.8797153550117636,1.6538955640597761,0.6083352162807149,2.703194033816844
1.7344157297760707,1.868952310656694,1.238365529683611,0.9169103906912588,3.0608310749271483
1.6812309380822403,1.5370366028788323,1.2123311411858273,0.8912273082299427,2.7033740510965805
1.6830977294869638,1.6557483390117644,1.7625886063233827,1.076355915596875,2.840047836199455
1.906431810991203,1.922798148552308,1.4965139702117831,1.6785837462835929,3.089104200616594
1.6466227197899137,1.7543555361415848,1.3913053375394258,0.546702812153909,2.3630373296718328
1.6851819034701663,1.813618047643906,1.5227678892100243,0.8683386725125498,2.63721901380204
1.6388446187149497,1.6419182507573382,1.5747488304506039,1.005628729040073,2.7595075963361966
1.7800387259763664,2.293358713383085,1.9744632874894164,2.2680034668711526,3.9466362788982874
1.4427860566840978,1.64781820272056,1.1234805348751233,0.20617241203475667,2.1934789443198945
1.3784904789389283,1.4194226849332634,0.7330327301770073,-0.3987966596578414,1.5863231714556805
0.6914033192760343,1.7369617059253795,1.1748081525204714,0.722929625688187,0.9720733889941315
0.627508725850541,1.7489578287629342,1.242669512888881,0.9631219954387438,1.25369970928935
0.594716415777974,1.6555171817109726,1.1977827343493426,1.035211727415414,1.4333489537140638
0.6784081187150394,1.6519234307256485,1.2229578176801927,0.9249863066541514,1.2740222333313886
1.1869818697650094,2.156007518956234,1.3041931218975933,1.3296652982590815,1.8358235707083963
0.7495052324868838,1.8605476950830537,1.5197951508146001,1.2195322911183646,1.4711542594362133
0.6672042082746854,1.7157952151521068,1.3186292810711442,0.9876075397407006,1.2461711005924063
0.845851535514433,1.9479897015389556,1.2884923007095481,0.9478735851966439,1.4233483034072254
0.8774391385719182,1.778770859682126,1.3371215249305415,0.972800713228095,1.3261313758099014
1.0624097462669868,2.109288174139798,1.4346336744251031,0.8487426611096247,1.1258981404176802
0.7787370401304033,1.943901766640264,1.4548942815660373,1.4073189616083641,1.6018403165271795
0.27037740871601934,1.3838300447555332,1.3466562109030085,0.8541803963819734,1.421275904323626
1.1118082526467572,2.501013952390148,1.1794658907270832,0.9878096755204231,1.1511677206509594
0.6860234929602445,1.6925531047092108,1.2830121250146207,0.9744527364775224,1.3204747975593245
1.1342857691246357,2.245998010467495,1.8210951959072608,1.975243187713847,2.3048021217950363
0.9443662173076111,1.7884644015531617,1.5638051023924069,0.982853082979319,1.1581407047045174
1.1147013311258924,1.743210057826785,1.2409211136388592,1.0286967686430326,1.353369559595706
1.0609106347640642,2.472133887019002,1.675269904384996,1.2578137723754823,1.2484663794862074
0.8526451616050167,1.9268330191357559,0.7216523587296858,0.29079397069309676,0.8416726325303382
0.8776847879152732,1.9863934913443846,1.085272021504059,0.7079332922271544,0.9023499334205314
0.6824333865650032,1.7295435562423014,1.3936664028878716,1.1701995410671964,1.4715728152729954
0.6498548509648521,1.5555208973903216,1.0359125093829906,0.5522017327884734,0.9968045253929732
0.7209921344262606,1.7546262525037504,1.4825616033809976,1.1208350471689106,1.2676440895634615
1.1332691350056787,2.3429466425624765,1.5197383425322315,1.1054638510455297,1.1064095446245463
0.8137861854953465,1.8164414515058491,1.2791557490327055,1.0500393729748427,1.2296610652889797
0.98074299932421,1.9644692295981099,1.2436085495887614,1.3283074321037989,1.5257115584664207
0.698506689548873,1.6441735998880758,1.0823356972802443,0.8087323039517789,1.165884037576586
0.8848424764310464,1.9795490351865275,1.5190151430635748,1.218840284181341,1.3009153612469337
0.8256618262774695,1.668609412321171,1.1149289455946487,0.9326347344929472,1.2555222794684644
0.8196955593286646,1.7207703435726107,1.1057227973960932,0.712194149210042,1.0495735877913117
0.7550011492682848,2.0081071193328532,1.6092594647748661,1.1678931478215668,1.4283673100696086
0.9944550862142674,2.1080509582888936,1.6197301113128797,1.3575223267584302,1.4575184589798036
0.5614631086749302,1.526597687502897,1.2920254782686753,1.0039332280162407,1.2414159253612254
1.0453119471290815,2.018817163271022,1.5763369229761266,1.5419900327865599,1.762634081076472
0.7587134235747857,1.7083553108094907,0.9286713446489177,0.5352324723258571,0.8488023805905164
1.4518863130008035,1.5443786750619348,1.1713966585447513,1.9097796137119665,2.222457959285298
0.4166876435575324,1.6593421267805493,1.2882224160280666,0.9357112948106875,1.1499270605208514
0.6721205756090731,1.664061890227648,1.043513617246733,0.7348756838930111,1.1318179880786474
1.0905055626581603,2.046451742125917,0.8421122040195268,0.8650048763706213,1.015001537399586
0.593020049511165,1.6192659533907041,1.1569886520542356,0.7797986429073444,1.1276150017869464
0.645473350995788,1.6719273756194615,1.3047760212261221,1.2060363819046704,1.5811483717499488
0.598865114684488,1.706808801580689,1.4487745608810398,1.0516467518702275,1.13678336209869
0.8265332099253972,1.935854042566701,1.1084896172970764,1.0708132353030038,1.1801161941428373
1.086025037612619,2.0828753017848194,1.3866348551280412,1.31567313054506,1.722640630147032
0.12387530661560509,0.9674899272161008,1.0879123447661794,0.5358963696704877,0.6777296915022293
0.40333067686181323,1.2993556570389706,1.1505240134072205,0.5313278988922017,0.7408781190131957
0.8217299630467845,1.7937228369447507,1.246079354158431,1.0280840949569148,1.251532783046197
0.401298835855457,1.3511131983778433,1.1997831222787416,0.6601047863217137,1.0960361719441543
1.3405923173427348,2.5530679209282825,1.6671821640743527,1.4876930763753777,1.2894003850866445
0.917209981676259,1.7337152150532353,1.4132199143416257,1.7610711818204026,2.0251938124145434
0.1368742611070843,-0.6364803005783516,-1.6855162973219537,-1.3771550030321984,-2.032839103993208
0.292588692093115,-0.48023376109953375,-1.2443623681888607,-0.9781034292391229,-1.5798119103003068
0.3386882052651807,-0.5173639987029581,-1.8301546216987,-1.538427207006706,-2.884980628074506
0.220891326297028,-0.7916719244863277,-1.5904596690795072,-1.1562224578549727,-1.8493491340176895
0.32753957758375807,-0.7024636913088093,-1.6213031083344012,-1.2052176041850262,-2.0198525289881113
0.13568008853952784,-0.6814231840086327,-1.5342444569443991,-1.0687735505760407,-1.8108457609314181
-0.55268180135519,-0.9991095939973227,-1.4836283948763915,-1.1546988629071282,-1.6404407085098787
0.15320061363375503,-0.44804248589525725,-1.2403183992908497,-0.9092872258430116,-1.5348193222739241
0.2070684139952541,-0.6253487278756267,-1.4242826482568465,-1.0996672385671835,-1.6651416714124132
0.10206372105575445,-0.9155817761829711,-2.332134563460562,-2.003395048647954,-3.2675515922971234
0.26257297823363657,-0.5385866077740249,-1.670231197486099,-0.8920123398651232,-2.004453084522135
0.13889875815598907,-0.7634248459937059,-1.8983912355111496,-1.6458173569335344,-2.448778908733969
0.2299013007902131,-0.3353149967637796,-0.8296624257318035,-0.4552394897153573,-0.8998543926346079
0.16474513501170607,-0.7883990856235813,-1.9610503052674648,-1.7170671715150867,-2.9894195968410715
0.18322731326243968,-0.5363348339898171,-1.4357624596480303,-1.0280125384625125,-1.6157162221144459
0.06235420946487835,-0.7057437290775456,-1.7478277577307493,-1.0756402524324038,-1.640832433894405
0.3620365973415618,-0.21186294939481676,-0.9484878725070247,-0.4463623881652081,-0.7123396154718173
0.24101295703824602,-0.6443854083827114,-1.7340380114013558,-1.2902974151859963,-1.9923537670741487
0.17038075452018786,-0.6556888647781297,-1.6784728577384582,-1.030463444832324,-1.7219224363319596
0.25608803399939484,-0.7585840915198695,-1.566496458269044,-1.140557469193631,-2.054602082707904
0.3871794971768175,-0.6039555651134271,-1.8111068134524775,-1.5609829172257728,-2.502496115775124
0.1994097304483566,-0.6152439624716445,-1.6492315366568664,-1.2473195899758382,-2.157629032439858
0.1936361536424731,-0.5486025205595462,-1.5508205005562061,-1.1979837520558285,-1.9078910484455065
0.1802249866617166,-0.628632887416554,-1.7746105766017366,-1.1901384248779896,-2.080119452207578
0.42093386681546696,-0.8793622066136264,-1.4314463334770617,-1.1040627291639054,-1.7886741220433766
0.18397793620917563,-0.6409793754087204,-1.3511222350644188,-1.0124832602539924,-1.6851496476594512
0.2739875078906364,-0.6582635128661039,-1.303903792544425,-1.032052780925809,-1.6469587488792345
0.4179290622635119,-0.7137806665565349,-1.4828279187299425,-1.1131195761434345,-1.757096815280656
0.22430056321284408,-0.503526042232143,-0.7761712615384861,-0.45093787717268996,-0.8050143666732112
0.04386876127414252,-0.9284755730975894,-1.9152747553623013,-1.9005164780428148,-2.294328642167127
0.27323758417979993,-0.6658344545142111,-1.663533099916887,-1.1454960013722446,-1.7463743590755794
0.03108833187644766,-0.6340678890408689,-1.74472369473159,-1.1806451497696666,-2.022584124041189
0.3226665354344587,-0.6020985135402447,-1.5933009788808818,-0.9650189895289908,-1.772521950672024
0.10623312841764765,-0.7255130785870532,-1.822978922503233,-1.130089880638838,-2.002247590869022
0.0713210744599525,-0.8209055953629472,-2.1127712492647257,-1.6904396879509866,-2.578554530641475
0.21686790295550853,-0.6722515004493751,-1.7199269633576963,-1.5431399905521648,-2.1153639759483163
0.1702307768464495,-0.4933703123909481,-1.9922106824910053,-1.1440954992208339,-1.8834914126052407
0.3274338518150568,-0.4598298572896098,-1.4184514250917162,-0.9477792117190115,-1.745889877229018
0.1467662627363443,-0.6050106942977471,-1.2971599190635108,-1.043045679879395,-1.6679928138090974
0.19512722763857696,-0.6485814141939709,-1.599529690272303,-1.364454609345523,-1.8814586902826291
0.0604880937037523,-0.7338656901961588,-1.6556752735489324,-1.1773178883542412,-1.9694050232582532
0.22061313928250176,-0.6122961556565788,-1.893067881908105,-1.4739325762116677,-1.9723908967336392
0.23034247700323907,-0.7831521467532643,-2.0891243248907183,-2.271796092942497,-3.143450855839168
0.3304216047474591,-0.23254376598074833,-0.5438870127581681,-0.28285790841868774,-0.6145538447250782
0.4631841074373403,-0.7750135778670196,-1.594687597654087,-1.0628860920431198,-1.8555435366992619
-0.018672808204629687,-0.5679538146447454,-1.907878702682331,-1.5963722881054763,-2.228177750835976
0.04220479205407163,-0.65285668850045,-1.5908859601542569,-1.1538472941824196,-1.877327754077031
0.10193855322155321,-0.8689982545788713,-1.8138832375741867,-1.3789073240701577,-2.0434003756014736
0.15115982274931428,-0.7556972316691826,-2.533459559279101,-1.4296790587476833,-3.1981428469658795
0.005338270656356947,-0.7954667298623506,-2.054619551790399,-1.4423461890968852,-2.360965680356652
